State,Month,Tested,Confirmed,Deceased,latitude,longitude,population,Status,AQIUS,PM25,PM10,Temp,Humid
ANDHRA PRADESH,2021-08,796336350,61793002,422859,14.7504291,78.57002559,10000000,MODERATE,67,20,47,31,66
ANDHRA PRADESH,2020-11,274513954,25558844,205986,14.7504291,78.57002559,10000000,MODERATE,67,20,47,31,66
ANDHRA PRADESH,2020-10,214730441,23891277,196555,14.7504291,78.57002559,10000000,MODERATE,67,20,47,31,66
ANDHRA PRADESH,2021-02,379357080,24888850,200564,14.7504291,78.57002559,10000000,MODERATE,67,20,47,31,66
ANDHRA PRADESH,2020-03,0,180,0,14.7504291,78.57002559,10000000,MODERATE,67,20,47,31,66
ANDHRA PRADESH,2020-12,340730258,27168365,218920,14.7504291,78.57002559,10000000,MODERATE,67,20,47,31,66
ANDHRA PRADESH,2020-09,143345158,17435463,150803,14.7504291,78.57002559,10000000,MODERATE,67,20,47,31,66
ANDHRA PRADESH,2021-09,825251498,61014709,420842,14.7504291,78.57002559,10000000,MODERATE,67,20,47,31,66
ANDHRA PRADESH,2021-01,388542590,27454434,221231,14.7504291,78.57002559,10000000,MODERATE,67,20,47,31,66
ANDHRA PRADESH,2020-04,831615,18634,440,14.7504291,78.57002559,10000000,MODERATE,67,20,47,31,66
ANDHRA PRADESH,2021-07,724580446,59921921,405709,14.7504291,78.57002559,10000000,MODERATE,67,20,47,31,66
ANDHRA PRADESH,2020-08,88689222,8993859,82340,14.7504291,78.57002559,10000000,MODERATE,67,20,47,31,66
ANDHRA PRADESH,2020-06,17941804,225800,3037,14.7504291,78.57002559,10000000,MODERATE,67,20,47,31,66
ANDHRA PRADESH,2020-05,7167130,73676,1491,14.7504291,78.57002559,10000000,MODERATE,67,20,47,31,66
ANDHRA PRADESH,2021-04,469007547,28989600,223475,14.7504291,78.57002559,10000000,MODERATE,67,20,47,31,66
ANDHRA PRADESH,2021-10,897453995,63848566,443048,14.7504291,78.57002559,10000000,MODERATE,67,20,47,31,66
ANDHRA PRADESH,2020-07,40729796,1646484,18688,14.7504291,78.57002559,10000000,MODERATE,67,20,47,31,66
ANDHRA PRADESH,2021-03,451319401,27696218,222792,14.7504291,78.57002559,10000000,MODERATE,67,20,47,31,66
ANDHRA PRADESH,2021-06,620271299,54460512,360363,14.7504291,78.57002559,10000000,MODERATE,67,20,47,31,66
ANDHRA PRADESH,2021-05,556412918,44235180,292158,14.7504291,78.57002559,10000000,MODERATE,67,20,47,31,66
ARUNACHAL PRADESH,2020-08,3901812,85434,138,27.10039878,93.61660071,1383727,MODERATE,93,32,49,22,82
ARUNACHAL PRADESH,2020-10,8893386,397964,864,27.10039878,93.61660071,1383727,MODERATE,93,32,49,22,82
ARUNACHAL PRADESH,2021-03,12725455,522072,1736,27.10039878,93.61660071,1383727,MODERATE,93,32,49,22,82
ARUNACHAL PRADESH,2020-04,8242,29,0,27.10039878,93.61660071,1383727,MODERATE,93,32,49,22,82
ARUNACHAL PRADESH,2020-12,11477779,513097,1713,27.10039878,93.61660071,1383727,MODERATE,93,32,49,22,82
ARUNACHAL PRADESH,2021-08,31184221,1588174,7765,27.10039878,93.61660071,1383727,MODERATE,93,32,49,22,82
ARUNACHAL PRADESH,2021-10,36260799,1703963,8663,27.10039878,93.61660071,1383727,MODERATE,93,32,49,22,82
ARUNACHAL PRADESH,2021-04,12735835,515626,1694,27.10039878,93.61660071,1383727,MODERATE,93,32,49,22,82
ARUNACHAL PRADESH,2020-11,10265950,472751,1410,27.10039878,93.61660071,1383727,MODERATE,93,32,49,22,82
ARUNACHAL PRADESH,2020-07,1296620,21242,76,27.10039878,93.61660071,1383727,MODERATE,93,32,49,22,82
ARUNACHAL PRADESH,2021-01,11971832,520524,1736,27.10039878,93.61660071,1383727,MODERATE,93,32,49,22,82
ARUNACHAL PRADESH,2021-02,11205407,471320,1568,27.10039878,93.61660071,1383727,MODERATE,93,32,49,22,82
ARUNACHAL PRADESH,2021-07,26400098,1305793,6177,27.10039878,93.61660071,1383727,MODERATE,93,32,49,22,82
ARUNACHAL PRADESH,2020-06,483487,3107,7,27.10039878,93.61660071,1383727,MODERATE,93,32,49,22,82
ARUNACHAL PRADESH,2021-09,33165308,1616923,8102,27.10039878,93.61660071,1383727,MODERATE,93,32,49,22,82
ARUNACHAL PRADESH,2021-05,15852713,692416,2555,27.10039878,93.61660071,1383727,MODERATE,93,32,49,22,82
ARUNACHAL PRADESH,2021-06,20602625,957948,4404,27.10039878,93.61660071,1383727,MODERATE,93,32,49,22,82
ARUNACHAL PRADESH,2020-05,111203,45,0,27.10039878,93.61660071,1383727,MODERATE,93,32,49,22,82
ARUNACHAL PRADESH,2020-09,6332338,202699,344,27.10039878,93.61660071,1383727,MODERATE,93,32,49,22,82
ASSAM,2021-03,218603943,6754859,34061,26.7499809,94.21666744,10000000,MODERATE,96,33,56,24,79
ASSAM,2020-09,84228128,4407425,14929,26.7499809,94.21666744,10000000,MODERATE,96,33,56,24,79
ASSAM,2020-11,150276423,6306062,28793,26.7499809,94.21666744,10000000,MODERATE,96,33,56,24,79
ASSAM,2020-03,0,1,0,26.7499809,94.21666744,10000000,MODERATE,96,33,56,24,79
ASSAM,2020-04,123149,948,21,26.7499809,94.21666744,10000000,MODERATE,96,33,56,24,79
ASSAM,2021-04,233884285,6822333,34542,26.7499809,94.21666744,10000000,MODERATE,96,33,56,24,79
ASSAM,2021-02,186950020,6084958,30460,26.7499809,94.21666744,10000000,MODERATE,96,33,56,24,79
ASSAM,2021-09,682094862,17894998,173211,26.7499809,94.21666744,10000000,MODERATE,96,33,56,24,79
ASSAM,2020-05,1267506,9235,83,26.7499809,94.21666744,10000000,MODERATE,96,33,56,24,79
ASSAM,2020-07,19279318,684704,1546,26.7499809,94.21666744,10000000,MODERATE,96,33,56,24,79
ASSAM,2020-12,176169713,6661106,31350,26.7499809,94.21666744,10000000,MODERATE,96,33,56,24,79
ASSAM,2021-07,520179312,16800254,153128,26.7499809,94.21666744,10000000,MODERATE,96,33,56,24,79
ASSAM,2021-06,389871996,13991468,120716,26.7499809,94.21666744,10000000,MODERATE,96,33,56,24,79
ASSAM,2021-10,749307582,18801342,184231,26.7499809,94.21666744,10000000,MODERATE,96,33,56,24,79
ASSAM,2021-08,631485485,17976462,170219,26.7499809,94.21666744,10000000,MODERATE,96,33,56,24,79
ASSAM,2021-05,299550473,10290215,69711,26.7499809,94.21666744,10000000,MODERATE,96,33,56,24,79
ASSAM,2020-10,128913669,6119594,26151,26.7499809,94.21666744,10000000,MODERATE,96,33,56,24,79
ASSAM,2020-06,7153523,135602,222,26.7499809,94.21666744,10000000,MODERATE,96,33,56,24,79
ASSAM,2021-01,193959271,6719445,33126,26.7499809,94.21666744,10000000,MODERATE,96,33,56,24,79
ASSAM,2020-08,51503857,2350394,6054,26.7499809,94.21666744,10000000,MODERATE,96,33,56,24,79
BIHAR,2021-07,1091647927,22433452,298333,25.78541445,87.4799727,10000000,UNHEALTHY,204,111,229,27,47
BIHAR,2021-08,1229761384,22487658,299100,25.78541445,87.4799727,10000000,UNHEALTHY,204,111,229,27,47
BIHAR,2020-10,279554794,6249087,30620,25.78541445,87.4799727,10000000,UNHEALTHY,204,111,229,27,47
BIHAR,2020-08,54096607,3095871,16111,25.78541445,87.4799727,10000000,UNHEALTHY,204,111,229,27,47
BIHAR,2021-05,872899679,19578665,121135,25.78541445,87.4799727,10000000,UNHEALTHY,204,111,229,27,47
BIHAR,2020-09,157148977,4848233,24711,25.78541445,87.4799727,10000000,UNHEALTHY,204,111,229,27,47
BIHAR,2020-11,386734519,6809576,35528,25.78541445,87.4799727,10000000,UNHEALTHY,204,111,229,27,47
BIHAR,2021-04,750771765,9889037,54922,25.78541445,87.4799727,10000000,UNHEALTHY,204,111,229,27,47
BIHAR,2020-05,1450372,49123,278,25.78541445,87.4799727,10000000,UNHEALTHY,204,111,229,27,47
BIHAR,2020-03,0,90,3,25.78541445,87.4799727,10000000,UNHEALTHY,204,111,229,27,47
BIHAR,2021-10,1494441970,22506701,299491,25.78541445,87.4799727,10000000,UNHEALTHY,204,111,229,27,47
BIHAR,2020-04,279320,3900,43,25.78541445,87.4799727,10000000,UNHEALTHY,204,111,229,27,47
BIHAR,2020-06,4112686,201627,1259,25.78541445,87.4799727,10000000,UNHEALTHY,204,111,229,27,47
BIHAR,2021-01,613286377,7993425,45026,25.78541445,87.4799727,10000000,UNHEALTHY,204,111,229,27,47
BIHAR,2021-02,612998950,7328950,42712,25.78541445,87.4799727,10000000,UNHEALTHY,204,111,229,27,47
BIHAR,2020-07,11129288,761694,5188,25.78541445,87.4799727,10000000,UNHEALTHY,204,111,229,27,47
BIHAR,2021-06,947705425,21513741,252479,25.78541445,87.4799727,10000000,UNHEALTHY,204,111,229,27,47
BIHAR,2020-12,514916197,7587649,41375,25.78541445,87.4799727,10000000,UNHEALTHY,204,111,229,27,47
BIHAR,2021-03,712699557,8167415,48219,25.78541445,87.4799727,10000000,UNHEALTHY,204,111,229,27,47
BIHAR,2021-09,1323285883,21775539,289736,25.78541445,87.4799727,10000000,UNHEALTHY,204,111,229,27,47
CHANDIGARH,2020-06,184102,10976,165,30.71999697,76.78000565,1055450,POOR,122,47,79,27,22
CHANDIGARH,2020-12,5074075,581544,9385,30.71999697,76.78000565,1055450,POOR,122,47,79,27,22
CHANDIGARH,2021-02,6580545,596183,9654,30.71999697,76.78000565,1055450,POOR,122,47,79,27,22
CHANDIGARH,2021-09,21153128,1955029,24511,30.71999697,76.78000565,1055450,POOR,122,47,79,27,22
CHANDIGARH,2020-08,666528,71522,963,30.71999697,76.78000565,1055450,POOR,122,47,79,27,22
CHANDIGARH,2020-11,3738167,477723,7483,30.71999697,76.78000565,1055450,POOR,122,47,79,27,22
CHANDIGARH,2021-04,10675814,1006392,12376,30.71999697,76.78000565,1055450,POOR,122,47,79,27,22
CHANDIGARH,2020-07,325319,20957,315,30.71999697,76.78000565,1055450,POOR,122,47,79,27,22
CHANDIGARH,2020-04,12438,815,0,30.71999697,76.78000565,1055450,POOR,122,47,79,27,22
CHANDIGARH,2021-06,16257684,1833853,23748,30.71999697,76.78000565,1055450,POOR,122,47,79,27,22
CHANDIGARH,2021-01,6171332,634009,10190,30.71999697,76.78000565,1055450,POOR,122,47,79,27,22
CHANDIGARH,2020-09,1619986,256360,3140,30.71999697,76.78000565,1055450,POOR,122,47,79,27,22
CHANDIGARH,2021-03,8779355,738164,11217,30.71999697,76.78000565,1055450,POOR,122,47,79,27,22
CHANDIGARH,2021-10,23813080,2024147,25416,30.71999697,76.78000565,1055450,POOR,122,47,79,27,22
CHANDIGARH,2020-05,89539,6074,83,30.71999697,76.78000565,1055450,POOR,122,47,79,27,22
CHANDIGARH,2021-07,18342242,1917438,25078,30.71999697,76.78000565,1055450,POOR,122,47,79,27,22
CHANDIGARH,2021-08,19884521,1952894,25157,30.71999697,76.78000565,1055450,POOR,122,47,79,27,22
CHANDIGARH,2020-10,2873611,416083,6214,30.71999697,76.78000565,1055450,POOR,122,47,79,27,22
CHANDIGARH,2021-05,14277533,1671052,19534,30.71999697,76.78000565,1055450,POOR,122,47,79,27,22
CHANDIGARH,2020-03,0,97,0,30.71999697,76.78000565,1055450,POOR,122,47,79,27,22
CHHATTISGARH,2020-04,197207,817,0,22.09042035,82.15998734,10000000,POOR,117,43,84,30,20
CHHATTISGARH,2020-03,0,52,0,22.09042035,82.15998734,10000000,POOR,117,43,84,30,20
CHHATTISGARH,2021-03,163649174,10016122,122101,22.09042035,82.15998734,10000000,POOR,117,43,84,30,20
CHHATTISGARH,2021-05,253723680,27688963,355048,22.09042035,82.15998734,10000000,POOR,117,43,84,30,20
CHHATTISGARH,2021-02,126915259,8660526,105650,22.09042035,82.15998734,10000000,POOR,117,43,84,30,20
CHHATTISGARH,2020-06,3366037,51881,240,22.09042035,82.15998734,10000000,POOR,117,43,84,30,20
CHHATTISGARH,2020-08,13445035,537631,4672,22.09042035,82.15998734,10000000,POOR,117,43,84,30,20
CHHATTISGARH,2020-07,7237236,162944,816,22.09042035,82.15998734,10000000,POOR,117,43,84,30,20
CHHATTISGARH,2020-05,1163793,4859,3,22.09042035,82.15998734,10000000,POOR,117,43,84,30,20
CHHATTISGARH,2021-04,193668843,15548635,174471,22.09042035,82.15998734,10000000,POOR,117,43,84,30,20
CHHATTISGARH,2021-08,370458379,31113636,419922,22.09042035,82.15998734,10000000,POOR,117,43,84,30,20
CHHATTISGARH,2021-07,337038509,30969514,418171,22.09042035,82.15998734,10000000,POOR,117,43,84,30,20
CHHATTISGARH,2020-09,25297099,2174925,17824,22.09042035,82.15998734,10000000,POOR,117,43,84,30,20
CHHATTISGARH,2021-09,383208281,30148661,406801,22.09042035,82.15998734,10000000,POOR,117,43,84,30,20
CHHATTISGARH,2021-01,121023668,9073448,109929,22.09042035,82.15998734,10000000,POOR,117,43,84,30,20
CHHATTISGARH,2021-06,294596657,29609682,399625,22.09042035,82.15998734,10000000,POOR,117,43,84,30,20
CHHATTISGARH,2020-12,95358000,8086754,97212,22.09042035,82.15998734,10000000,POOR,117,43,84,30,20
CHHATTISGARH,2020-10,45548176,4777284,45464,22.09042035,82.15998734,10000000,POOR,117,43,84,30,20
CHHATTISGARH,2020-11,65172786,6387373,77380,22.09042035,82.15998734,10000000,POOR,117,43,84,30,20
CHHATTISGARH,2021-10,416133630,31175760,420691,22.09042035,82.15998734,10000000,POOR,117,43,84,30,20
DELHI,2021-06,613127042,42939618,743647,28.6699929,77.23000403,10000000,UNHEALTHY,257,187,392,28,30
DELHI,2020-08,40535918,4763289,130401,28.6699929,77.23000403,10000000,UNHEALTHY,257,187,392,28,30
DELHI,2020-03,0,683,6,28.6699929,77.23000403,10000000,UNHEALTHY,257,187,392,28,30
DELHI,2020-06,9972589,1460911,48149,28.6699929,77.23000403,10000000,UNHEALTHY,257,187,392,28,30
DELHI,2020-10,120597361,10150680,184387,28.6699929,77.23000403,10000000,UNHEALTHY,257,187,392,28,30
DELHI,2020-11,164571393,14572061,232483,28.6699929,77.23000403,10000000,UNHEALTHY,257,187,392,28,30
DELHI,2021-01,303109183,19576349,332550,28.6699929,77.23000403,10000000,UNHEALTHY,257,187,392,28,30
DELHI,2021-10,886180599,44620361,777772,28.6699929,77.23000403,10000000,UNHEALTHY,257,187,392,28,30
DELHI,2021-04,478437191,25278113,373996,28.6699929,77.23000403,10000000,UNHEALTHY,257,187,392,28,30
DELHI,2021-05,566460465,42096245,655385,28.6699929,77.23000403,10000000,UNHEALTHY,257,187,392,28,30
DELHI,2021-08,766251210,44550062,777214,28.6699929,77.23000403,10000000,UNHEALTHY,257,187,392,28,30
DELHI,2021-09,801097257,43150446,752519,28.6699929,77.23000403,10000000,UNHEALTHY,257,187,392,28,30
DELHI,2021-03,417610914,20052984,339518,28.6699929,77.23000403,10000000,UNHEALTHY,257,187,392,28,30
DELHI,2020-12,232064830,18844158,311793,28.6699929,77.23000403,10000000,UNHEALTHY,257,187,392,28,30
DELHI,2021-02,324338043,17837843,304892,28.6699929,77.23000403,10000000,UNHEALTHY,257,187,392,28,30
DELHI,2020-05,3968864,310866,5303,28.6699929,77.23000403,10000000,UNHEALTHY,257,187,392,28,30
DELHI,2020-07,24551654,3608507,107869,28.6699929,77.23000403,10000000,UNHEALTHY,257,187,392,28,30
DELHI,2021-07,701533709,44495857,775716,28.6699929,77.23000403,10000000,UNHEALTHY,257,187,392,28,30
DELHI,2020-09,68841611,6836242,145657,28.6699929,77.23000403,10000000,UNHEALTHY,257,187,392,28,30
DELHI,2020-04,611295,49581,953,28.6699929,77.23000403,10000000,UNHEALTHY,257,187,392,28,30
GOA,2021-03,16067209,1744004,25137,15.491997,73.81800065,1458545,MODERATE,79,26,69,25,80
GOA,2020-04,22405,205,0,15.491997,73.81800065,1458545,MODERATE,79,26,69,25,80
GOA,2021-05,23226682,4066503,62711,15.491997,73.81800065,1458545,MODERATE,79,26,69,25,80
GOA,2021-06,26250615,4879145,87561,15.491997,73.81800065,1458545,MODERATE,79,26,69,25,80
GOA,2020-10,8635866,1225565,16357,15.491997,73.81800065,1458545,MODERATE,79,26,69,25,80
GOA,2020-11,9714030,1379455,19770,15.491997,73.81800065,1458545,MODERATE,79,26,69,25,80
GOA,2021-02,13247407,1519022,21854,15.491997,73.81800065,1458545,MODERATE,79,26,69,25,80
GOA,2021-09,38524432,5256538,97723,15.491997,73.81800065,1458545,MODERATE,79,26,69,25,80
GOA,2020-08,5127596,356888,3470,15.491997,73.81800065,1458545,MODERATE,79,26,69,25,80
GOA,2021-07,30747366,5247773,96297,15.491997,73.81800065,1458545,MODERATE,79,26,69,25,80
GOA,2020-05,263681,1012,0,15.491997,73.81800065,1458545,MODERATE,79,26,69,25,80
GOA,2020-12,11636634,1539259,22133,15.491997,73.81800065,1458545,MODERATE,79,26,69,25,80
GOA,2020-03,0,27,0,15.491997,73.81800065,1458545,MODERATE,79,26,69,25,80
GOA,2021-10,43943348,5499898,103600,15.491997,73.81800065,1458545,MODERATE,79,26,69,25,80
GOA,2021-01,13206306,1621348,23354,15.491997,73.81800065,1458545,MODERATE,79,26,69,25,80
GOA,2021-08,35143791,5350720,98390,15.491997,73.81800065,1458545,MODERATE,79,26,69,25,80
GOA,2020-07,3121066,102713,629,15.491997,73.81800065,1458545,MODERATE,79,26,69,25,80
GOA,2021-04,17670828,2046221,27557,15.491997,73.81800065,1458545,MODERATE,79,26,69,25,80
GOA,2020-06,1306691,18779,20,15.491997,73.81800065,1458545,MODERATE,79,26,69,25,80
GOA,2020-09,6871777,776198,9390,15.491997,73.81800065,1458545,MODERATE,79,26,69,25,80
HARYANA,2021-05,256600285,20722073,202369,28.45000633,77.01999101,10000000,POOR,180,101,230,28,29
HARYANA,2021-01,152143228,8238975,92223,28.45000633,77.01999101,10000000,POOR,180,101,230,28,29
HARYANA,2020-09,46515840,2967041,31160,28.45000633,77.01999101,10000000,POOR,180,101,230,28,29
HARYANA,2020-04,306053,6139,70,28.45000633,77.01999101,10000000,POOR,180,101,230,28,29
HARYANA,2020-12,126718763,7837873,84863,28.45000633,77.01999101,10000000,POOR,180,101,230,28,29
HARYANA,2021-08,350227271,23876999,299426,28.45000633,77.01999101,10000000,POOR,180,101,230,28,29
HARYANA,2021-02,152411798,7536884,85017,28.45000633,77.01999101,10000000,POOR,180,101,230,28,29
HARYANA,2020-06,5688005,245702,3391,28.45000633,77.01999101,10000000,POOR,180,101,230,28,29
HARYANA,2021-04,203501259,10750354,103993,28.45000633,77.01999101,10000000,POOR,180,101,230,28,29
HARYANA,2020-11,91015576,6040289,62050,28.45000633,77.01999101,10000000,POOR,180,101,230,28,29
HARYANA,2021-09,362472338,23120694,292953,28.45000633,77.01999101,10000000,POOR,180,101,230,28,29
HARYANA,2020-03,0,595,0,28.45000633,77.01999101,10000000,POOR,180,101,230,28,29
HARYANA,2020-08,26659061,1498908,16928,28.45000633,77.01999101,10000000,POOR,180,101,230,28,29
HARYANA,2021-07,325228162,23851878,296641,28.45000633,77.01999101,10000000,POOR,180,101,230,28,29
HARYANA,2020-05,2284187,29691,383,28.45000633,77.01999101,10000000,POOR,180,101,230,28,29
HARYANA,2020-10,71734100,4586100,50279,28.45000633,77.01999101,10000000,POOR,180,101,230,28,29
HARYANA,2020-07,13141441,754651,10250,28.45000633,77.01999101,10000000,POOR,180,101,230,28,29
HARYANA,2021-06,287882535,22962739,271005,28.45000633,77.01999101,10000000,POOR,180,101,230,28,29
HARYANA,2021-03,184768648,8618144,95720,28.45000633,77.01999101,10000000,POOR,180,101,230,28,29
HARYANA,2021-10,394737866,23903053,309253,28.45000633,77.01999101,10000000,POOR,180,101,230,28,29
HIMACHAL PRADESH,2020-04,65423,922,58,31.10002545,77.16659704,6864602,MODERATE,69,20,36,19,31
HIMACHAL PRADESH,2020-06,1715066,17884,208,31.10002545,77.16659704,6864602,MODERATE,69,20,36,19,31
HIMACHAL PRADESH,2020-03,0,33,3,31.10002545,77.16659704,6864602,MODERATE,69,20,36,19,31
HIMACHAL PRADESH,2021-06,66051493,5953608,101090,31.10002545,77.16659704,6864602,MODERATE,69,20,36,19,31
HIMACHAL PRADESH,2020-07,3418936,47873,332,31.10002545,77.16659704,6864602,MODERATE,69,20,36,19,31
HIMACHAL PRADESH,2020-11,13865809,913866,13759,31.10002545,77.16659704,6864602,MODERATE,69,20,36,19,31
HIMACHAL PRADESH,2021-05,53623693,4780814,71933,31.10002545,77.16659704,6864602,MODERATE,69,20,36,19,31
HIMACHAL PRADESH,2020-10,10585297,573688,7949,31.10002545,77.16659704,6864602,MODERATE,69,20,36,19,31
HIMACHAL PRADESH,2021-09,100153979,6492289,108773,31.10002545,77.16659704,6864602,MODERATE,69,20,36,19,31
HIMACHAL PRADESH,2020-05,571215,3917,112,31.10002545,77.16659704,6864602,MODERATE,69,20,36,19,31
HIMACHAL PRADESH,2021-04,41161198,2295744,35587,31.10002545,77.16659704,6864602,MODERATE,69,20,36,19,31
HIMACHAL PRADESH,2021-03,36458224,1871820,31022,31.10002545,77.16659704,6864602,MODERATE,69,20,36,19,31
HIMACHAL PRADESH,2020-08,5585794,129755,654,31.10002545,77.16659704,6864602,MODERATE,69,20,36,19,31
HIMACHAL PRADESH,2021-07,81913193,6328543,108027,31.10002545,77.16659704,6864602,MODERATE,69,20,36,19,31
HIMACHAL PRADESH,2020-09,7624738,315811,2993,31.10002545,77.16659704,6864602,MODERATE,69,20,36,19,31
HIMACHAL PRADESH,2021-01,26960677,1758274,29468,31.10002545,77.16659704,6864602,MODERATE,69,20,36,19,31
HIMACHAL PRADESH,2021-10,110800196,6865836,114727,31.10002545,77.16659704,6864602,MODERATE,69,20,36,19,31
HIMACHAL PRADESH,2021-08,94036739,6514696,109711,31.10002545,77.16659704,6864602,MODERATE,69,20,36,19,31
HIMACHAL PRADESH,2021-02,28482854,1628445,27367,31.10002545,77.16659704,6864602,MODERATE,69,20,36,19,31
HIMACHAL PRADESH,2020-12,20068846,1545079,25282,31.10002545,77.16659704,6864602,MODERATE,69,20,36,19,31
JAMMU AND KASHMIR,2020-07,15232285,403810,6939,34.29995933,74.46665849,10000000,GOOD,30,8,13,12,70
JAMMU AND KASHMIR,2020-09,38713021,1708366,28101,34.29995933,74.46665849,10000000,GOOD,30,8,13,12,70
JAMMU AND KASHMIR,2021-02,136236951,3511773,54575,34.29995933,74.46665849,10000000,GOOD,30,8,13,12,70
JAMMU AND KASHMIR,2021-07,337468607,9896342,135176,34.29995933,74.46665849,10000000,GOOD,30,8,13,12,70
JAMMU AND KASHMIR,2021-03,174275759,3972372,61206,34.29995933,74.46665849,10000000,GOOD,30,8,13,12,70
JAMMU AND KASHMIR,2020-11,79798346,3085122,47709,34.29995933,74.46665849,10000000,GOOD,30,8,13,12,70
JAMMU AND KASHMIR,2021-06,278534780,9222035,125512,34.29995933,74.46665849,10000000,GOOD,30,8,13,12,70
JAMMU AND KASHMIR,2020-06,8185177,154356,1934,34.29995933,74.46665849,10000000,GOOD,30,8,13,12,70
JAMMU AND KASHMIR,2020-08,24672047,893556,16841,34.29995933,74.46665849,10000000,GOOD,30,8,13,12,70
JAMMU AND KASHMIR,2021-08,390550782,10028252,136282,34.29995933,74.46665849,10000000,GOOD,30,8,13,12,70
JAMMU AND KASHMIR,2020-12,106242023,3614397,56071,34.29995933,74.46665849,10000000,GOOD,30,8,13,12,70
JAMMU AND KASHMIR,2021-05,245955509,7484034,97394,34.29995933,74.46665849,10000000,GOOD,30,8,13,12,70
JAMMU AND KASHMIR,2021-09,423826640,9823209,132457,34.29995933,74.46665849,10000000,GOOD,30,8,13,12,70
JAMMU AND KASHMIR,2020-04,197781,9208,133,34.29995933,74.46665849,10000000,GOOD,30,8,13,12,70
JAMMU AND KASHMIR,2020-05,2622050,39104,478,34.29995933,74.46665849,10000000,GOOD,30,8,13,12,70
JAMMU AND KASHMIR,2021-01,130816315,3816768,59389,34.29995933,74.46665849,10000000,GOOD,30,8,13,12,70
JAMMU AND KASHMIR,2020-03,0,266,4,34.29995933,74.46665849,10000000,GOOD,30,8,13,12,70
JAMMU AND KASHMIR,2021-10,483425666,10259867,137252,34.29995933,74.46665849,10000000,GOOD,30,8,13,12,70
JAMMU AND KASHMIR,2020-10,60868980,2677256,42073,34.29995933,74.46665849,10000000,GOOD,30,8,13,12,70
JAMMU AND KASHMIR,2021-04,200053881,4407049,62300,34.29995933,74.46665849,10000000,GOOD,30,8,13,12,70
JHARKHAND,2021-04,190369193,4892609,45983,23.80039349,86.41998572,10000000,POOR,126,45,129,29,36
JHARKHAND,2021-07,335450224,10742577,158738,23.80039349,86.41998572,10000000,POOR,126,45,129,29,36
JHARKHAND,2020-12,140596429,3478088,31059,23.80039349,86.41998572,10000000,POOR,126,45,129,29,36
JHARKHAND,2021-01,155793014,3637535,32616,23.80039349,86.41998572,10000000,POOR,126,45,129,29,36
JHARKHAND,2021-05,239420964,9459529,132294,23.80039349,86.41998572,10000000,POOR,126,45,129,29,36
JHARKHAND,2021-08,387484068,10774863,159059,23.80039349,86.41998572,10000000,POOR,126,45,129,29,36
JHARKHAND,2021-06,277247764,10299055,152437,23.80039349,86.41998572,10000000,POOR,126,45,129,29,36
JHARKHAND,2020-03,0,1,0,23.80039349,86.41998572,10000000,POOR,126,45,129,29,36
JHARKHAND,2020-04,103157,1123,49,23.80039349,86.41998572,10000000,POOR,126,45,129,29,36
JHARKHAND,2020-11,113496489,3180946,27794,23.80039349,86.41998572,10000000,POOR,126,45,129,29,36
JHARKHAND,2020-06,3245393,51271,281,23.80039349,86.41998572,10000000,POOR,126,45,129,29,36
JHARKHAND,2020-09,46470188,1940389,17137,23.80039349,86.41998572,10000000,POOR,126,45,129,29,36
JHARKHAND,2021-09,424251222,10442534,153993,23.80039349,86.41998572,10000000,POOR,126,45,129,29,36
JHARKHAND,2020-05,1044511,8238,104,23.80039349,86.41998572,10000000,POOR,126,45,129,29,36
JHARKHAND,2020-10,86894260,2934001,25324,23.80039349,86.41998572,10000000,POOR,126,45,129,29,36
JHARKHAND,2021-10,476433063,10802467,159196,23.80039349,86.41998572,10000000,POOR,126,45,129,29,36
JHARKHAND,2020-08,15360160,757036,7790,23.80039349,86.41998572,10000000,POOR,126,45,129,29,36
JHARKHAND,2021-02,150297540,3341511,30299,23.80039349,86.41998572,10000000,POOR,126,45,129,29,36
JHARKHAND,2020-07,6440321,169679,1518,23.80039349,86.41998572,10000000,POOR,126,45,129,29,36
JHARKHAND,2021-03,176960753,3756147,33999,23.80039349,86.41998572,10000000,POOR,126,45,129,29,36
KARNATAKA,2021-09,1372319673,88930190,1126899,12.57038129,76.91999711,10000000,MODERATE,93,37,68,25,74
KARNATAKA,2021-08,1273386930,90817997,1146610,12.57038129,76.91999711,10000000,MODERATE,93,37,68,25,74
KARNATAKA,2020-08,64242707,7107882,123589,12.57038129,76.91999711,10000000,MODERATE,93,37,68,25,74
KARNATAKA,2021-01,489092019,28853643,377052,12.57038129,76.91999711,10000000,MODERATE,93,37,68,25,74
KARNATAKA,2020-10,199843176,22860142,317843,12.57038129,76.91999711,10000000,MODERATE,93,37,68,25,74
KARNATAKA,2021-05,862665652,66929997,685090,12.57038129,76.91999711,10000000,MODERATE,93,37,68,25,74
KARNATAKA,2021-10,1529408269,92471684,1176133,12.57038129,76.91999711,10000000,MODERATE,93,37,68,25,74
KARNATAKA,2020-06,13785193,237396,3347,12.57038129,76.91999711,10000000,MODERATE,93,37,68,25,74
KARNATAKA,2020-07,29401786,1814581,34536,12.57038129,76.91999711,10000000,MODERATE,93,37,68,25,74
KARNATAKA,2021-03,620687711,29965410,384959,12.57038129,76.91999711,10000000,MODERATE,93,37,68,25,74
KARNATAKA,2020-04,611861,9571,346,12.57038129,76.91999711,10000000,MODERATE,93,37,68,25,74
KARNATAKA,2020-09,118122823,14351127,223691,12.57038129,76.91999711,10000000,MODERATE,93,37,68,25,74
KARNATAKA,2021-06,961237473,82929253,990778,12.57038129,76.91999711,10000000,MODERATE,93,37,68,25,74
KARNATAKA,2021-02,502553539,26472446,343531,12.57038129,76.91999711,10000000,MODERATE,93,37,68,25,74
KARNATAKA,2020-11,285987910,25801841,345695,12.57038129,76.91999711,10000000,MODERATE,93,37,68,25,74
KARNATAKA,2021-04,701034699,35084777,404604,12.57038129,76.91999711,10000000,MODERATE,93,37,68,25,74
KARNATAKA,2021-07,1133837349,89235405,1115726,12.57038129,76.91999711,10000000,MODERATE,93,37,68,25,74
KARNATAKA,2020-12,391886959,28029498,370794,12.57038129,76.91999711,10000000,MODERATE,93,37,68,25,74
KARNATAKA,2020-03,0,732,30,12.57038129,76.91999711,10000000,MODERATE,93,37,68,25,74
KARNATAKA,2020-05,4781302,43788,1121,12.57038129,76.91999711,10000000,MODERATE,93,37,68,25,74
KERALA,2020-11,164768366,15761027,56448,8.900372741,76.56999263,10000000,MODERATE,87,29,55,29,80
KERALA,2021-07,777938111,97382689,468219,8.900372741,76.56999263,10000000,MODERATE,87,29,55,29,80
KERALA,2020-04,508333,11753,87,8.900372741,76.56999263,10000000,MODERATE,87,29,55,29,80
KERALA,2021-09,1010783825,132710063,691823,8.900372741,76.56999263,10000000,MODERATE,87,29,55,29,80
KERALA,2020-02,0,8,0,8.900372741,76.56999263,10000000,MODERATE,87,29,55,29,80
KERALA,2021-04,427011515,37750892,147043,8.900372741,76.56999263,10000000,MODERATE,87,29,55,29,80
KERALA,2021-08,914998280,115094762,582503,8.900372741,76.56999263,10000000,MODERATE,87,29,55,29,80
KERALA,2021-01,272635976,26177030,106356,8.900372741,76.56999263,10000000,MODERATE,87,29,55,29,80
KERALA,2021-03,383671984,33920953,137068,8.900372741,76.56999263,10000000,MODERATE,87,29,55,29,80
KERALA,2020-09,67641821,3691404,14641,8.900372741,76.56999263,10000000,MODERATE,87,29,55,29,80
KERALA,2020-10,118648844,10000959,34691,8.900372741,76.56999263,10000000,MODERATE,87,29,55,29,80
KERALA,2020-12,220831645,21229239,83447,8.900372741,76.56999263,10000000,MODERATE,87,29,55,29,80
KERALA,2021-05,554861058,65519871,206857,8.900372741,76.56999263,10000000,MODERATE,87,29,55,29,80
KERALA,2020-06,4685002,81724,588,8.900372741,76.56999263,10000000,MODERATE,87,29,55,29,80
KERALA,2020-01,0,1,0,8.900372741,76.56999263,10000000,MODERATE,87,29,55,29,80
KERALA,2020-05,1574469,21530,157,8.900372741,76.56999263,10000000,MODERATE,87,29,55,29,80
KERALA,2020-08,37435683,1451150,5301,8.900372741,76.56999263,10000000,MODERATE,87,29,55,29,80
KERALA,2021-10,1137845932,150099524,849789,8.900372741,76.56999263,10000000,MODERATE,87,29,55,29,80
KERALA,2020-03,0,1918,4,8.900372741,76.56999263,10000000,MODERATE,87,29,55,29,80
KERALA,2020-07,14685617,364627,1307,8.900372741,76.56999263,10000000,MODERATE,87,29,55,29,80
KERALA,2021-06,644606412,82479908,340553,8.900372741,76.56999263,10000000,MODERATE,87,29,55,29,80
KERALA,2021-02,296414883,28060885,111639,8.900372741,76.56999263,10000000,MODERATE,87,29,55,29,80
MADHYA PRADESH,2021-02,156253396,7225609,107444,21.300391050000002,76.13001949,10000000,MODERATE,97,33,80,28,32
MADHYA PRADESH,2020-10,78309404,4780371,83731,21.300391050000002,76.13001949,10000000,MODERATE,97,33,80,28,32
MADHYA PRADESH,2021-10,602985459,24573208,326210,21.300391050000002,76.13001949,10000000,MODERATE,97,33,80,28,32
MADHYA PRADESH,2021-05,273241210,22032633,215955,21.300391050000002,76.13001949,10000000,MODERATE,97,33,80,28,32
MADHYA PRADESH,2020-09,51739479,2859492,55436,21.300391050000002,76.13001949,10000000,MODERATE,97,33,80,28,32
MADHYA PRADESH,2021-09,528501842,23771029,315518,21.300391050000002,76.13001949,10000000,MODERATE,97,33,80,28,32
MADHYA PRADESH,2020-11,100238621,5587414,92989,21.300391050000002,76.13001949,10000000,MODERATE,97,33,80,28,32
MADHYA PRADESH,2021-04,209893089,12003464,136730,21.300391050000002,76.13001949,10000000,MODERATE,97,33,80,28,32
MADHYA PRADESH,2020-06,7884418,328532,14034,21.300391050000002,76.13001949,10000000,MODERATE,97,33,80,28,32
MADHYA PRADESH,2021-07,412719775,24522971,309354,21.300391050000002,76.13001949,10000000,MODERATE,97,33,80,28,32
MADHYA PRADESH,2021-01,156144362,7760326,115844,21.300391050000002,76.13001949,10000000,MODERATE,97,33,80,28,32
MADHYA PRADESH,2020-04,434628,33076,1789,21.300391050000002,76.13001949,10000000,MODERATE,97,33,80,28,32
MADHYA PRADESH,2020-05,3130898,155710,7599,21.300391050000002,76.13001949,10000000,MODERATE,97,33,80,28,32
MADHYA PRADESH,2021-06,331740178,23627645,258201,21.300391050000002,76.13001949,10000000,MODERATE,97,33,80,28,32
MADHYA PRADESH,2021-08,482579330,24553013,325956,21.300391050000002,76.13001949,10000000,MODERATE,97,33,80,28,32
MADHYA PRADESH,2021-03,187971336,8473104,120942,21.300391050000002,76.13001949,10000000,MODERATE,97,33,80,28,32
MADHYA PRADESH,2020-12,130803778,7010111,106598,21.300391050000002,76.13001949,10000000,MODERATE,97,33,80,28,32
MADHYA PRADESH,2020-08,32440375,1439654,34579,21.300391050000002,76.13001949,10000000,MODERATE,97,33,80,28,32
MADHYA PRADESH,2020-07,17277419,658625,21901,21.300391050000002,76.13001949,10000000,MODERATE,97,33,80,28,32
MADHYA PRADESH,2020-03,0,282,11,21.300391050000002,76.13001949,10000000,MODERATE,97,33,80,28,32
MAHARASHTRA,2021-08,1584303280,198181562,4189731,19.25023195,73.16017493,10000000,MODERATE,100,36,83,28,64
MAHARASHTRA,2020-11,295713482,52546687,1376175,19.25023195,73.16017493,10000000,MODERATE,100,36,83,28,64
MAHARASHTRA,2020-06,20783852,3461480,146856,19.25023195,73.16017493,10000000,MODERATE,100,36,83,28,64
MAHARASHTRA,2021-03,553654377,74559135,1647151,19.25023195,73.16017493,10000000,MODERATE,100,36,83,28,64
MAHARASHTRA,2021-07,1394686897,192009893,3954660,19.25023195,73.16017493,10000000,MODERATE,100,36,83,28,64
MAHARASHTRA,2021-04,699235131,110884048,1809502,19.25023195,73.16017493,10000000,MODERATE,100,36,83,28,64
MAHARASHTRA,2021-02,430799180,58121612,1444013,19.25023195,73.16017493,10000000,MODERATE,100,36,83,28,64
MAHARASHTRA,2020-10,246862041,48444892,1276324,19.25023195,73.16017493,10000000,MODERATE,100,36,83,28,64
MAHARASHTRA,2021-09,1694742470,195346961,4149495,19.25023195,73.16017493,10000000,MODERATE,100,36,83,28,64
MAHARASHTRA,2020-04,1676119,117423,5826,19.25023195,73.16017493,10000000,MODERATE,100,36,83,28,64
MAHARASHTRA,2021-06,1155758548,177736506,3336169,19.25023195,73.16017493,10000000,MODERATE,100,36,83,28,64
MAHARASHTRA,2021-10,1887021862,204204664,4331523,19.25023195,73.16017493,10000000,MODERATE,100,36,83,28,64
MAHARASHTRA,2021-05,966842712,164703698,2545281,19.25023195,73.16017493,10000000,MODERATE,100,36,83,28,64
MAHARASHTRA,2020-03,0,1972,29,19.25023195,73.16017493,10000000,MODERATE,100,36,83,28,64
MAHARASHTRA,2020-07,46365765,9021856,350117,19.25023195,73.16017493,10000000,MODERATE,100,36,83,28,64
MAHARASHTRA,2020-08,98003058,18598274,619584,19.25023195,73.16017493,10000000,MODERATE,100,36,83,28,64
MAHARASHTRA,2020-05,8696822,1071275,37719,19.25023195,73.16017493,10000000,MODERATE,100,36,83,28,64
MAHARASHTRA,2020-12,367512496,58406464,1501432,19.25023195,73.16017493,10000000,MODERATE,100,36,83,28,64
MAHARASHTRA,2021-01,425639755,61527482,1561097,19.25023195,73.16017493,10000000,MODERATE,100,36,83,28,64
MAHARASHTRA,2020-09,164188584,33154585,920386,19.25023195,73.16017493,10000000,MODERATE,100,36,83,28,64
MANIPUR,2021-07,30713619,2584130,41915,24.79997072,93.95001705,2855794,MODERATE,59,16,19,20,76
MANIPUR,2021-08,35871660,3342311,52719,24.79997072,93.95001705,2855794,MODERATE,59,16,19,20,76
MANIPUR,2020-11,11596098,658725,6609,24.79997072,93.95001705,2855794,MODERATE,59,16,19,20,76
MANIPUR,2021-09,37784796,3529762,54635,24.79997072,93.95001705,2855794,MODERATE,59,16,19,20,76
MANIPUR,2020-10,9463153,459313,3436,24.79997072,93.95001705,2855794,MODERATE,59,16,19,20,76
MANIPUR,2021-01,15371981,891637,11338,24.79997072,93.95001705,2855794,MODERATE,59,16,19,20,76
MANIPUR,2020-04,5946,59,0,24.79997072,93.95001705,2855794,MODERATE,59,16,19,20,76
MANIPUR,2021-06,24668094,1832647,29811,24.79997072,93.95001705,2855794,MODERATE,59,16,19,20,76
MANIPUR,2020-07,2089080,56258,10,24.79997072,93.95001705,2855794,MODERATE,59,16,19,20,76
MANIPUR,2020-09,5937328,251193,1481,24.79997072,93.95001705,2855794,MODERATE,59,16,19,20,76
MANIPUR,2021-03,17481851,909136,11571,24.79997072,93.95001705,2855794,MODERATE,59,16,19,20,76
MANIPUR,2021-05,20497951,1239681,18238,24.79997072,93.95001705,2855794,MODERATE,59,16,19,20,76
MANIPUR,2021-02,14952007,817165,10436,24.79997072,93.95001705,2855794,MODERATE,59,16,19,20,76
MANIPUR,2021-04,17785945,896765,11399,24.79997072,93.95001705,2855794,MODERATE,59,16,19,20,76
MANIPUR,2020-08,3612213,138755,506,24.79997072,93.95001705,2855794,MODERATE,59,16,19,20,76
MANIPUR,2021-10,41465177,3796860,58709,24.79997072,93.95001705,2855794,MODERATE,59,16,19,20,76
MANIPUR,2020-03,0,8,0,24.79997072,93.95001705,2855794,MODERATE,59,16,19,20,76
MANIPUR,2020-05,92901,563,0,24.79997072,93.95001705,2855794,MODERATE,59,16,19,20,76
MANIPUR,2020-12,14081126,840393,10112,24.79997072,93.95001705,2855794,MODERATE,59,16,19,20,76
MANIPUR,2020-06,856798,17515,0,24.79997072,93.95001705,2855794,MODERATE,59,16,19,20,76
MEGHALAYA,2020-07,828851,11943,89,25.57049217,91.8800142,3211000,POOR,130,50,80,20,83
MEGHALAYA,2020-08,1698666,46017,207,25.57049217,91.8800142,3211000,POOR,130,50,80,20,83
MEGHALAYA,2020-09,3601197,121449,889,25.57049217,91.8800142,3211000,POOR,130,50,80,20,83
MEGHALAYA,2020-10,5595790,249519,2189,25.57049217,91.8800142,3211000,POOR,130,50,80,20,83
MEGHALAYA,2020-05,106159,466,31,25.57049217,91.8800142,3211000,POOR,130,50,80,20,83
MEGHALAYA,2021-01,9766185,423134,4452,25.57049217,91.8800142,3211000,POOR,130,50,80,20,83
MEGHALAYA,2021-09,30746374,2364778,40887,25.57049217,91.8800142,3211000,POOR,130,50,80,20,83
MEGHALAYA,2020-06,410193,1264,30,25.57049217,91.8800142,3211000,POOR,130,50,80,20,83
MEGHALAYA,2021-07,23838010,1764721,29414,25.57049217,91.8800142,3211000,POOR,130,50,80,20,83
MEGHALAYA,2021-03,11975390,434019,4607,25.57049217,91.8800142,3211000,POOR,130,50,80,20,83
MEGHALAYA,2020-12,8385045,399124,3992,25.57049217,91.8800142,3211000,POOR,130,50,80,20,83
MEGHALAYA,2020-11,6637641,322181,3023,25.57049217,91.8800142,3211000,POOR,130,50,80,20,83
MEGHALAYA,2021-06,19135835,1291213,22174,25.57049217,91.8800142,3211000,POOR,130,50,80,20,83
MEGHALAYA,2021-08,28384087,2218736,37922,25.57049217,91.8800142,3211000,POOR,130,50,80,20,83
MEGHALAYA,2021-10,34651987,2566001,44345,25.57049217,91.8800142,3211000,POOR,130,50,80,20,83
MEGHALAYA,2021-05,15898194,770889,10661,25.57049217,91.8800142,3211000,POOR,130,50,80,20,83
MEGHALAYA,2020-04,15695,180,16,25.57049217,91.8800142,3211000,POOR,130,50,80,20,83
MEGHALAYA,2021-02,9900951,389440,4136,25.57049217,91.8800142,3211000,POOR,130,50,80,20,83
MEGHALAYA,2021-04,12927739,448384,4645,25.57049217,91.8800142,3211000,POOR,130,50,80,20,83
MIZORAM,2020-09,1691411,43809,0,23.71039899,92.72001461,1097206,GOOD,27,6,22,23,73
MIZORAM,2021-06,13172229,481553,2114,23.71039899,92.72001461,1097206,GOOD,27,6,22,23,73
MIZORAM,2020-06,186968,3011,0,23.71039899,92.72001461,1097206,GOOD,27,6,22,23,73
MIZORAM,2020-10,2923575,70953,4,23.71039899,92.72001461,1097206,GOOD,27,6,22,23,73
MIZORAM,2020-04,2831,30,0,23.71039899,92.72001461,1097206,GOOD,27,6,22,23,73
MIZORAM,2020-07,539903,8397,0,23.71039899,92.72001461,1097206,GOOD,27,6,22,23,73
MIZORAM,2021-04,8166673,147402,357,23.71039899,92.72001461,1097206,GOOD,27,6,22,23,73
MIZORAM,2021-05,10725143,275051,802,23.71039899,92.72001461,1097206,GOOD,27,6,22,23,73
MIZORAM,2021-07,16897157,845090,3655,23.71039899,92.72001461,1097206,GOOD,27,6,22,23,73
MIZORAM,2021-10,37252400,3414997,11689,23.71039899,92.72001461,1097206,GOOD,27,6,22,23,73
MIZORAM,2021-03,7533552,137721,324,23.71039899,92.72001461,1097206,GOOD,27,6,22,23,73
MIZORAM,2021-09,29322758,2264899,7628,23.71039899,92.72001461,1097206,GOOD,27,6,22,23,73
MIZORAM,2021-08,22888451,1514066,5664,23.71039899,92.72001461,1097206,GOOD,27,6,22,23,73
MIZORAM,2020-12,5155908,125712,216,23.71039899,92.72001461,1097206,GOOD,27,6,22,23,73
MIZORAM,2021-02,6177328,123074,266,23.71039899,92.72001461,1097206,GOOD,27,6,22,23,73
MIZORAM,2020-03,0,7,0,23.71039899,92.72001461,1097206,GOOD,27,6,22,23,73
MIZORAM,2020-11,3948231,100800,104,23.71039899,92.72001461,1097206,GOOD,27,6,22,23,73
MIZORAM,2021-01,5971974,133505,270,23.71039899,92.72001461,1097206,GOOD,27,6,22,23,73
MIZORAM,2020-08,882887,23236,0,23.71039899,92.72001461,1097206,GOOD,27,6,22,23,73
MIZORAM,2020-05,9668,31,0,23.71039899,92.72001461,1097206,GOOD,27,6,22,23,73
NAGALAND,2021-06,6299888,713318,13612,25.6669979,94.11657019,1978502,MODERATE,54,16,24,19,53
NAGALAND,2021-08,9052368,903252,18705,25.6669979,94.11657019,1978502,MODERATE,54,16,24,19,53
NAGALAND,2021-03,4148446,378965,2821,25.6669979,94.11657019,1978502,MODERATE,54,16,24,19,53
NAGALAND,2021-07,7583987,821313,16235,25.6669979,94.11657019,1978502,MODERATE,54,16,24,19,53
NAGALAND,2021-04,4211401,381289,2820,25.6669979,94.11657019,1978502,MODERATE,54,16,24,19,53
NAGALAND,2021-02,3582086,340792,2501,25.6669979,94.11657019,1978502,MODERATE,54,16,24,19,53
NAGALAND,2021-05,5325897,559245,6760,25.6669979,94.11657019,1978502,MODERATE,54,16,24,19,53
NAGALAND,2020-10,2769106,236893,619,25.6669979,94.11657019,1978502,MODERATE,54,16,24,19,53
NAGALAND,2021-01,3805814,372751,2644,25.6669979,94.11657019,1978502,MODERATE,54,16,24,19,53
NAGALAND,2020-04,8659,0,0,25.6669979,94.11657019,1978502,MODERATE,54,16,24,19,53
NAGALAND,2020-05,33790,138,0,25.6669979,94.11657019,1978502,MODERATE,54,16,24,19,53
NAGALAND,2020-06,248035,6306,0,25.6669979,94.11657019,1978502,MODERATE,54,16,24,19,53
NAGALAND,2020-07,854352,29855,30,25.6669979,94.11657019,1978502,MODERATE,54,16,24,19,53
NAGALAND,2020-12,3637963,362263,2212,25.6669979,94.11657019,1978502,MODERATE,54,16,24,19,53
NAGALAND,2020-09,2132444,152565,283,25.6669979,94.11657019,1978502,MODERATE,54,16,24,19,53
NAGALAND,2020-08,1566062,99500,215,25.6669979,94.11657019,1978502,MODERATE,54,16,24,19,53
NAGALAND,2021-09,10545197,922251,19362,25.6669979,94.11657019,1978502,MODERATE,54,16,24,19,53
NAGALAND,2021-10,11952161,978516,20908,25.6669979,94.11657019,1978502,MODERATE,54,16,24,19,53
NAGALAND,2020-11,3191708,303037,1588,25.6669979,94.11657019,1978502,MODERATE,54,16,24,19,53
ODISHA,2020-12,200467142,10065254,57933,19.82042971,85.90001746,10000000,POOR,119,44,89,29,66
ODISHA,2020-07,11563802,524569,3407,19.82042971,85.90001746,10000000,POOR,119,44,89,29,66
ODISHA,2020-03,0,36,0,19.82042971,85.90001746,10000000,POOR,119,44,89,29,66
ODISHA,2021-05,338382463,18954915,74327,19.82042971,85.90001746,10000000,POOR,119,44,89,29,66
ODISHA,2021-07,462618572,29404346,154703,19.82042971,85.90001746,10000000,POOR,119,44,89,29,66
ODISHA,2020-08,31192989,1958267,12102,19.82042971,85.90001746,10000000,POOR,119,44,89,29,66
ODISHA,2021-09,571525879,30539136,244989,19.82042971,85.90001746,10000000,POOR,119,44,89,29,66
ODISHA,2020-10,122336586,8099956,35734,19.82042971,85.90001746,10000000,POOR,119,44,89,29,66
ODISHA,2020-06,6186976,128676,488,19.82042971,85.90001746,10000000,POOR,119,44,89,29,66
ODISHA,2021-03,269047951,10496682,61108,19.82042971,85.90001746,10000000,POOR,119,44,89,29,66
ODISHA,2021-06,384082761,25638905,103638,19.82042971,85.90001746,10000000,POOR,119,44,89,29,66
ODISHA,2020-04,298347,1963,24,19.82042971,85.90001746,10000000,POOR,119,44,89,29,66
ODISHA,2021-10,651325514,32068143,258153,19.82042971,85.90001746,10000000,POOR,119,44,89,29,66
ODISHA,2021-08,529577417,30831594,217470,19.82042971,85.90001746,10000000,POOR,119,44,89,29,66
ODISHA,2020-09,76434113,4860727,21317,19.82042971,85.90001746,10000000,POOR,119,44,89,29,66
ODISHA,2021-02,224768735,9413038,54998,19.82042971,85.90001746,10000000,POOR,119,44,89,29,66
ODISHA,2020-05,2747220,26110,138,19.82042971,85.90001746,10000000,POOR,119,44,89,29,66
ODISHA,2021-04,286150420,11169095,60150,19.82042971,85.90001746,10000000,POOR,119,44,89,29,66
ODISHA,2020-11,157996938,9230830,47745,19.82042971,85.90001746,10000000,POOR,119,44,89,29,66
ODISHA,2021-01,227462696,10317888,60437,19.82042971,85.90001746,10000000,POOR,119,44,89,29,66
PUDUCHERRY,2020-10,7952371,999636,17609,11.93499371,79.83000037,1394467,GOOD,47,11,34,30,78
PUDUCHERRY,2020-07,891940,57481,807,11.93499371,79.83000037,1394467,GOOD,47,11,34,30,78
PUDUCHERRY,2020-09,3692034,631134,12086,11.93499371,79.83000037,1394467,GOOD,47,11,34,30,78
PUDUCHERRY,2021-10,57846995,3946217,57343,11.93499371,79.83000037,1394467,GOOD,47,11,34,30,78
PUDUCHERRY,2021-01,16597070,1197184,19859,11.93499371,79.83000037,1394467,GOOD,47,11,34,30,78
PUDUCHERRY,2020-06,335736,8649,141,11.93499371,79.83000037,1394467,GOOD,47,11,34,30,78
PUDUCHERRY,2020-08,1757977,253092,3815,11.93499371,79.83000037,1394467,GOOD,47,11,34,30,78
PUDUCHERRY,2021-09,51742556,3753016,54799,11.93499371,79.83000037,1394467,GOOD,47,11,34,30,78
PUDUCHERRY,2021-06,35823247,3381804,50498,11.93499371,79.83000037,1394467,GOOD,47,11,34,30,78
PUDUCHERRY,2020-04,22360,196,0,11.93499371,79.83000037,1394467,GOOD,47,11,34,30,78
PUDUCHERRY,2020-12,13838474,1165346,19289,11.93499371,79.83000037,1394467,GOOD,47,11,34,30,78
PUDUCHERRY,2021-04,21833155,1428854,21446,11.93499371,79.83000037,1394467,GOOD,47,11,34,30,78
PUDUCHERRY,2021-07,43983242,3700610,55048,11.93499371,79.83000037,1394467,GOOD,47,11,34,30,78
PUDUCHERRY,2021-08,49083806,3791773,55929,11.93499371,79.83000037,1394467,GOOD,47,11,34,30,78
PUDUCHERRY,2021-02,16999832,1104480,18446,11.93499371,79.83000037,1394467,GOOD,47,11,34,30,78
PUDUCHERRY,2020-05,162587,759,0,11.93499371,79.83000037,1394467,GOOD,47,11,34,30,78
PUDUCHERRY,2021-03,20160019,1248985,20886,11.93499371,79.83000037,1394467,GOOD,47,11,34,30,78
PUDUCHERRY,2021-05,28767346,2587729,36047,11.93499371,79.83000037,1394467,GOOD,47,11,34,30,78
PUDUCHERRY,2020-11,10896620,1087394,18155,11.93499371,79.83000037,1394467,GOOD,47,11,34,30,78
PUDUCHERRY,2020-03,0,15,0,11.93499371,79.83000037,1394467,GOOD,47,11,34,30,78
RAJASTHAN,2021-10,452630241,29585797,277574,26.44999921,74.63998124,10000000,POOR,108,39,120,29,31
RAJASTHAN,2021-07,386095698,29549911,277334,26.44999921,74.63998124,10000000,POOR,108,39,120,29,31
RAJASTHAN,2021-04,230467767,12638392,96312,26.44999921,74.63998124,10000000,POOR,108,39,120,29,31
RAJASTHAN,2021-06,338537328,28474829,263980,26.44999921,74.63998124,10000000,POOR,108,39,120,29,31
RAJASTHAN,2020-05,7309683,164663,4050,26.44999921,74.63998124,10000000,POOR,108,39,120,29,31
RAJASTHAN,2020-03,0,607,0,26.44999921,74.63998124,10000000,POOR,108,39,120,29,31
RAJASTHAN,2020-10,106833399,5222561,53169,26.44999921,74.63998124,10000000,POOR,108,39,120,29,31
RAJASTHAN,2021-01,173004940,9742273,85013,26.44999921,74.63998124,10000000,POOR,108,39,120,29,31
RAJASTHAN,2020-06,18672249,398655,9118,26.44999921,74.63998124,10000000,POOR,108,39,120,29,31
RAJASTHAN,2020-07,35954892,875817,16817,26.44999921,74.63998124,10000000,POOR,108,39,120,29,31
RAJASTHAN,2021-09,422093724,28626624,268620,26.44999921,74.63998124,10000000,POOR,108,39,120,29,31
RAJASTHAN,2020-09,81815834,3229574,38203,26.44999921,74.63998124,10000000,POOR,108,39,120,29,31
RAJASTHAN,2021-02,170371329,8930013,77816,26.44999921,74.63998124,10000000,POOR,108,39,120,29,31
RAJASTHAN,2021-05,303303127,25625788,205738,26.44999921,74.63998124,10000000,POOR,108,39,120,29,31
RAJASTHAN,2020-08,59666436,1913122,27075,26.44999921,74.63998124,10000000,POOR,108,39,120,29,31
RAJASTHAN,2020-11,121384657,6887606,62628,26.44999921,74.63998124,10000000,POOR,108,39,120,29,31
RAJASTHAN,2020-04,1290121,35741,568,26.44999921,74.63998124,10000000,POOR,108,39,120,29,31
RAJASTHAN,2021-03,203827199,10065901,86701,26.44999921,74.63998124,10000000,POOR,108,39,120,29,31
RAJASTHAN,2021-08,413916321,29571751,277574,26.44999921,74.63998124,10000000,POOR,108,39,120,29,31
RAJASTHAN,2020-12,151199759,9080591,79165,26.44999921,74.63998124,10000000,POOR,108,39,120,29,31
SIKKIM,2020-11,1789715,134674,2677,27.3333303,88.6166475,657876,MODERATE,62,18,46,17,56
SIKKIM,2021-06,4447125,554358,8544,27.3333303,88.6166475,657876,MODERATE,62,18,46,17,56
SIKKIM,2021-07,5561079,722627,9958,27.3333303,88.6166475,657876,MODERATE,62,18,46,17,56
SIKKIM,2021-05,3264069,355921,6189,27.3333303,88.6166475,657876,MODERATE,62,18,46,17,56
SIKKIM,2020-05,33218,9,0,27.3333303,88.6166475,657876,MODERATE,62,18,46,17,56
SIKKIM,2021-08,6776818,887107,11171,27.3333303,88.6166475,657876,MODERATE,62,18,46,17,56
SIKKIM,2021-04,2545061,201721,4119,27.3333303,88.6166475,657876,MODERATE,62,18,46,17,56
SIKKIM,2021-10,7919146,984136,12124,27.3333303,88.6166475,657876,MODERATE,62,18,46,17,56
SIKKIM,2020-09,1375694,67619,575,27.3333303,88.6166475,657876,MODERATE,62,18,46,17,56
SIKKIM,2020-08,1050369,35509,58,27.3333303,88.6166475,657876,MODERATE,62,18,46,17,56
SIKKIM,2020-07,492660,9083,6,27.3333303,88.6166475,657876,MODERATE,62,18,46,17,56
SIKKIM,2021-03,2508715,191924,4185,27.3333303,88.6166475,657876,MODERATE,62,18,46,17,56
SIKKIM,2020-10,1667781,108642,1786,27.3333303,88.6166475,657876,MODERATE,62,18,46,17,56
SIKKIM,2020-06,209715,1520,0,27.3333303,88.6166475,657876,MODERATE,62,18,46,17,56
SIKKIM,2021-02,2149438,171324,3778,27.3333303,88.6166475,657876,MODERATE,62,18,46,17,56
SIKKIM,2020-12,2042861,168937,3725,27.3333303,88.6166475,657876,MODERATE,62,18,46,17,56
SIKKIM,2021-09,7225227,922525,11369,27.3333303,88.6166475,657876,MODERATE,62,18,46,17,56
SIKKIM,2021-01,2228443,186536,4046,27.3333303,88.6166475,657876,MODERATE,62,18,46,17,56
TAMIL NADU,2020-10,270903254,20864924,324377,12.92038576,79.15004187,10000000,MODERATE,55,15,49,29,78
TAMIL NADU,2021-01,470028523,25718303,379979,12.92038576,79.15004187,10000000,MODERATE,55,15,49,29,78
TAMIL NADU,2020-05,9672303,347836,2517,12.92038576,79.15004187,10000000,MODERATE,55,15,49,29,78
TAMIL NADU,2020-11,332362183,22719923,344257,12.92038576,79.15004187,10000000,MODERATE,55,15,49,29,78
TAMIL NADU,2020-08,115434562,10491858,177403,12.92038576,79.15004187,10000000,MODERATE,55,15,49,29,78
TAMIL NADU,2020-07,57124756,5018740,75551,12.92038576,79.15004187,10000000,MODERATE,55,15,49,29,78
TAMIL NADU,2020-06,23445380,1507947,17191,12.92038576,79.15004187,10000000,MODERATE,55,15,49,29,78
TAMIL NADU,2020-04,1136996,37275,412,12.92038576,79.15004187,10000000,MODERATE,55,15,49,29,78
TAMIL NADU,2021-07,1092565628,78359929,1040308,12.92038576,79.15004187,10000000,MODERATE,55,15,49,29,78
TAMIL NADU,2021-08,1238639767,80278068,1070610,12.92038576,79.15004187,10000000,MODERATE,55,15,49,29,78
TAMIL NADU,2020-12,408119352,24856007,369754,12.92038576,79.15004187,10000000,MODERATE,55,15,49,29,78
TAMIL NADU,2021-02,469851739,23667523,347919,12.92038576,79.15004187,10000000,MODERATE,55,15,49,29,78
TAMIL NADU,2021-09,1342533594,79193492,1057599,12.92038576,79.15004187,10000000,MODERATE,55,15,49,29,78
TAMIL NADU,2021-06,911216985,70586171,889316,12.92038576,79.15004187,10000000,MODERATE,55,15,49,29,78
TAMIL NADU,2021-03,572548396,26790128,389898,12.92038576,79.15004187,10000000,MODERATE,55,15,49,29,78
TAMIL NADU,2021-05,780085845,50084186,565674,12.92038576,79.15004187,10000000,MODERATE,55,15,49,29,78
TAMIL NADU,2020-03,0,440,3,12.92038576,79.15004187,10000000,MODERATE,55,15,49,29,78
TAMIL NADU,2021-10,1525286219,83242706,1112197,12.92038576,79.15004187,10000000,MODERATE,55,15,49,29,78
TAMIL NADU,2021-04,630679008,29679704,394546,12.92038576,79.15004187,10000000,MODERATE,55,15,49,29,78
TAMIL NADU,2020-09,183053990,15495166,255230,12.92038576,79.15004187,10000000,MODERATE,55,15,49,29,78
TRIPURA,2021-05,25001249,1297237,13529,23.83540428,91.27999914,3673917,POOR,127,46,74,26,88
TRIPURA,2020-09,10068361,588157,6102,23.83540428,91.27999914,3673917,POOR,127,46,74,26,88
TRIPURA,2021-09,55125814,2510111,24107,23.83540428,91.27999914,3673917,POOR,127,46,74,26,88
TRIPURA,2021-08,51707200,2515212,24034,23.83540428,91.27999914,3673917,POOR,127,46,74,26,88
TRIPURA,2021-04,19930220,1020565,11719,23.83540428,91.27999914,3673917,POOR,127,46,74,26,88
TRIPURA,2021-03,19537627,1036794,12037,23.83540428,91.27999914,3673917,POOR,127,46,74,26,88
TRIPURA,2021-10,60260734,2613423,25192,23.83540428,91.27999914,3673917,POOR,127,46,74,26,88
TRIPURA,2021-06,34394990,1788969,18325,23.83540428,91.27999914,3673917,POOR,127,46,74,26,88
TRIPURA,2020-10,13206754,895251,9868,23.83540428,91.27999914,3673917,POOR,127,46,74,26,88
TRIPURA,2020-06,1409725,30939,22,23.83540428,91.27999914,3673917,POOR,127,46,74,26,88
TRIPURA,2020-12,17264121,1024777,11617,23.83540428,91.27999914,3673917,POOR,127,46,74,26,88
TRIPURA,2020-11,14837639,957550,10759,23.83540428,91.27999914,3673917,POOR,127,46,74,26,88
TRIPURA,2020-05,433956,4767,0,23.83540428,91.27999914,3673917,POOR,127,46,74,26,88
TRIPURA,2021-01,18483723,1032821,11970,23.83540428,91.27999914,3673917,POOR,127,46,74,26,88
TRIPURA,2020-07,3233047,85173,207,23.83540428,91.27999914,3673917,POOR,127,46,74,26,88
TRIPURA,2021-07,43927861,2247967,22241,23.83540428,91.27999914,3673917,POOR,127,46,74,26,88
TRIPURA,2020-08,6844511,234731,1769,23.83540428,91.27999914,3673917,POOR,127,46,74,26,88
TRIPURA,2020-04,37435,47,0,23.83540428,91.27999914,3673917,POOR,127,46,74,26,88
TRIPURA,2021-02,17200712,934218,10864,23.83540428,91.27999914,3673917,POOR,127,46,74,26,88
UTTAR PRADESH,2021-07,1916655586,52934881,703880,27.59998069,78.05000565,10000000,POOR,153,79,170,28,30
UTTAR PRADESH,2021-08,2144444310,52977295,706359,27.59998069,78.05000565,10000000,POOR,153,79,170,28,30
UTTAR PRADESH,2021-09,2267559565,51288110,686286,27.59998069,78.05000565,10000000,POOR,153,79,170,28,30
UTTAR PRADESH,2020-07,42883041,1458372,34016,27.59998069,78.05000565,10000000,POOR,153,79,170,28,30
UTTAR PRADESH,2020-10,391514092,13865734,202672,27.59998069,78.05000565,10000000,POOR,153,79,170,28,30
UTTAR PRADESH,2021-02,829364910,16859628,243629,27.59998069,78.05000565,10000000,POOR,153,79,170,28,30
UTTAR PRADESH,2020-03,0,802,0,27.59998069,78.05000565,10000000,POOR,153,79,170,28,30
UTTAR PRADESH,2020-11,513380826,15390005,221862,27.59998069,78.05000565,10000000,POOR,153,79,170,28,30
UTTAR PRADESH,2020-04,837120,28540,431,27.59998069,78.05000565,10000000,POOR,153,79,170,28,30
UTTAR PRADESH,2021-05,1392419342,48637705,533353,27.59998069,78.05000565,10000000,POOR,153,79,170,28,30
UTTAR PRADESH,2021-01,807492328,18447834,264831,27.59998069,78.05000565,10000000,POOR,153,79,170,28,30
UTTAR PRADESH,2020-12,675473172,17612620,251377,27.59998069,78.05000565,10000000,POOR,153,79,170,28,30
UTTAR PRADESH,2020-08,119809324,4830806,77862,27.59998069,78.05000565,10000000,POOR,153,79,170,28,30
UTTAR PRADESH,2021-04,1132470066,25297735,298700,27.59998069,78.05000565,10000000,POOR,153,79,170,28,30
UTTAR PRADESH,2021-10,2517465615,53010264,709812,27.59998069,78.05000565,10000000,POOR,153,79,170,28,30
UTTAR PRADESH,2020-06,14670740,449937,13188,27.59998069,78.05000565,10000000,POOR,153,79,170,28,30
UTTAR PRADESH,2021-06,1618453492,51059570,655280,27.59998069,78.05000565,10000000,POOR,153,79,170,28,30
UTTAR PRADESH,2020-05,5366214,145749,3552,27.59998069,78.05000565,10000000,POOR,153,79,170,28,30
UTTAR PRADESH,2020-09,236747961,9701861,139924,27.59998069,78.05000565,10000000,POOR,153,79,170,28,30
UTTAR PRADESH,2021-03,1024948489,18827699,271389,27.59998069,78.05000565,10000000,POOR,153,79,170,28,30
UTTARAKHAND,2020-03,0,66,0,30.32040895,78.05000565,10000000,POOR,102,35,71,25,22
UTTARAKHAND,2020-07,3446465,138478,1658,30.32040895,78.05000565,10000000,POOR,102,35,71,25,22
UTTARAKHAND,2020-11,35518073,2055403,33524,30.32040895,78.05000565,10000000,POOR,102,35,71,25,22
UTTARAKHAND,2021-08,205326193,10620558,228548,30.32040895,78.05000565,10000000,POOR,102,35,71,25,22
UTTARAKHAND,2021-01,61101092,2923428,49479,30.32040895,78.05000565,10000000,POOR,102,35,71,25,22
UTTARAKHAND,2020-09,16633577,1049181,13283,30.32040895,78.05000565,10000000,POOR,102,35,71,25,22
UTTARAKHAND,2021-10,235728137,10655701,229315,30.32040895,78.05000565,10000000,POOR,102,35,71,25,22
UTTARAKHAND,2021-05,132842437,8526589,146606,30.32040895,78.05000565,10000000,POOR,102,35,71,25,22
UTTARAKHAND,2020-06,1459303,58643,692,30.32040895,78.05000565,10000000,POOR,102,35,71,25,22
UTTARAKHAND,2020-08,8240087,390986,5067,30.32040895,78.05000565,10000000,POOR,102,35,71,25,22
UTTARAKHAND,2021-09,214651086,10298932,221700,30.32040895,78.05000565,10000000,POOR,102,35,71,25,22
UTTARAKHAND,2021-07,183672238,10581748,227817,30.32040895,78.05000565,10000000,POOR,102,35,71,25,22
UTTARAKHAND,2020-12,48451193,2595583,42793,30.32040895,78.05000565,10000000,POOR,102,35,71,25,22
UTTARAKHAND,2020-04,86760,1139,0,30.32040895,78.05000565,10000000,POOR,102,35,71,25,22
UTTARAKHAND,2020-05,462667,6451,56,30.32040895,78.05000565,10000000,POOR,102,35,71,25,22
UTTARAKHAND,2021-02,63277942,2707317,46961,30.32040895,78.05000565,10000000,POOR,102,35,71,25,22
UTTARAKHAND,2021-04,97075735,3774318,57858,30.32040895,78.05000565,10000000,POOR,102,35,71,25,22
UTTARAKHAND,2021-06,155539882,10105502,207655,30.32040895,78.05000565,10000000,POOR,102,35,71,25,22
UTTARAKHAND,2020-10,27303011,1755565,26151,30.32040895,78.05000565,10000000,POOR,102,35,71,25,22
UTTARAKHAND,2021-03,79897334,3045291,52762,30.32040895,78.05000565,10000000,POOR,102,35,71,25,22
WEST BENGAL,2020-08,41681715,3630154,75204,22.58039044,88.32994665,10000000,MODERATE,86,28,64,29,73
WEST BENGAL,2021-08,508653423,47707386,567427,22.58039044,88.32994665,10000000,MODERATE,86,28,64,29,73
WEST BENGAL,2021-06,402244153,43809005,508116,22.58039044,88.32994665,10000000,MODERATE,86,28,64,29,73
WEST BENGAL,2020-05,2792015,85082,6685,22.58039044,88.32994665,10000000,MODERATE,86,28,64,29,73
WEST BENGAL,2020-10,121185345,9760454,183867,22.58039044,88.32994665,10000000,MODERATE,86,28,64,29,73
WEST BENGAL,2021-10,579003677,48998237,588038,22.58039044,88.32994665,10000000,MODERATE,86,28,64,29,73
WEST BENGAL,2021-07,465575946,46992809,556878,22.58039044,88.32994665,10000000,MODERATE,86,28,64,29,73
WEST BENGAL,2020-09,77493556,6327185,123183,22.58039044,88.32994665,10000000,MODERATE,86,28,64,29,73
WEST BENGAL,2021-09,527939566,46774235,558553,22.58039044,88.32994665,10000000,MODERATE,86,28,64,29,73
WEST BENGAL,2020-03,0,164,6,22.58039044,88.32994665,10000000,MODERATE,86,28,64,29,73
WEST BENGAL,2021-03,274867405,17967596,319203,22.58039044,88.32994665,10000000,MODERATE,86,28,64,29,73
WEST BENGAL,2020-11,157190348,12972035,230383,22.58039044,88.32994665,10000000,MODERATE,86,28,64,29,73
WEST BENGAL,2020-07,20931361,1230381,33036,22.58039044,88.32994665,10000000,MODERATE,86,28,64,29,73
WEST BENGAL,2021-05,354846528,34924620,414430,22.58039044,88.32994665,10000000,MODERATE,86,28,64,29,73
WEST BENGAL,2020-04,156966,8798,323,22.58039044,88.32994665,10000000,MODERATE,86,28,64,29,73
WEST BENGAL,2021-02,232326152,16033759,286429,22.58039044,88.32994665,10000000,MODERATE,86,28,64,29,73
WEST BENGAL,2021-04,292155748,19948472,318580,22.58039044,88.32994665,10000000,MODERATE,86,28,64,29,73
WEST BENGAL,2020-06,10482353,352836,14767,22.58039044,88.32994665,10000000,MODERATE,86,28,64,29,73
WEST BENGAL,2021-01,235518471,17465608,310175,22.58039044,88.32994665,10000000,MODERATE,86,28,64,29,73
WEST BENGAL,2020-12,202481272,16279623,283838,22.58039044,88.32994665,10000000,MODERATE,86,28,64,29,73
